user_id,name,email,role
1,Anay Shanker,anay.shanker@example.com,support_agent
2,Nirvaan Choudhury,nirvaan.choudhury@example.com,support_agent
3,Sara Behl,sara.behl@example.com,admin
4,Kiara Kakar,kiara.kakar@example.com,customer
5,Aniruddh Batra,aniruddh.batra@example.com,customer
6,Mehul Krishnan,mehul.krishnan@example.com,customer
7,Jhanvi Chaudhary,jhanvi.chaudhary@example.com,support_agent
8,Madhup Kapur,madhup.kapur@example.com,manager
9,Zoya Virk,zoya.virk@example.com,support_agent
10,Tara Swaminathan,tara.swaminathan@example.com,manager
11,Rasha Kakar,rasha.kakar@example.com,team_lead
12,Ranbir Brahmbhatt,ranbir.brahmbhatt@example.com,support_agent
13,Tarini Ganguly,tarini.ganguly@example.com,support_agent
14,Divij Gupta,divij.gupta@example.com,support_agent
15,Taimur Vaidya,taimur.vaidya@example.com,customer
16,Lavanya Deo,lavanya.deo@example.com,customer
17,Samiha Karpe,samiha.karpe@example.com,manager
18,Uthkarsh Baral,uthkarsh.baral@example.com,manager
19,Mishti Ranganathan,mishti.ranganathan@example.com,support_agent
20,Kashvi Char,kashvi.char@example.com,manager
21,Azad Sahota,azad.sahota@example.com,customer
22,Trisha Dhillon,trisha.dhillon@example.com,manager
23,Mehul Verma,mehul.verma@example.com,team_lead
24,Vaibhav Dewan,vaibhav.dewan@example.com,customer
25,Myra Tiwari,myra.tiwari@example.com,team_lead
26,Ishaan Goyal,ishaan.goyal@example.com,manager
27,Lakshay Sampath,lakshay.sampath@example.com,admin
28,Rati Sanghvi,rati.sanghvi@example.com,support_agent
29,Mahika Ravi,mahika.ravi@example.com,customer
30,Hazel Sethi,hazel.sethi@example.com,team_lead
31,Ishaan Kashyap,ishaan.kashyap@example.com,admin
32,Purab Reddy,purab.reddy@example.com,admin
33,Piya Gaba,piya.gaba@example.com,customer
34,Manikya Tara,manikya.tara@example.com,customer
35,Zara Dugar,zara.dugar@example.com,admin
36,Priyansh Bali,priyansh.bali@example.com,support_agent
37,Jiya Vora,jiya.vora@example.com,support_agent
38,Lakshit Sagar,lakshit.sagar@example.com,team_lead
39,Vivaan Wagle,vivaan.wagle@example.com,support_agent
40,Hridaan Deo,hridaan.deo@example.com,admin
41,Nishith Sharma,nishith.sharma@example.com,admin
42,Siya Master,siya.master@example.com,manager
43,Keya Iyengar,keya.iyengar@example.com,admin
44,Madhup Biswas,madhup.biswas@example.com,support_agent
45,Divij Shroff,divij.shroff@example.com,team_lead
46,Faiyaz Bose,faiyaz.bose@example.com,manager
47,Vritika Sangha,vritika.sangha@example.com,support_agent
48,Kimaya Balay,kimaya.balay@example.com,team_lead
49,Vaibhav Raju,vaibhav.raju@example.com,support_agent
50,Eva Dass,eva.dass@example.com,manager
51,Pihu Sen,pihu.sen@example.com,admin
52,Pihu Wali,pihu.wali@example.com,manager
53,Tiya Rege,tiya.rege@example.com,admin
54,Faiyaz Din,faiyaz.din@example.com,manager
55,Indranil Karan,indranil.karan@example.com,customer
56,Saira Vora,saira.vora@example.com,support_agent
57,Damini Singh,damini.singh@example.com,support_agent
58,Dishani Bera,dishani.bera@example.com,customer
59,Navya Kulkarni,navya.kulkarni@example.com,admin
60,Indrans Grover,indrans.grover@example.com,support_agent
61,Hrishita Sood,hrishita.sood@example.com,customer
62,Kismat Edwin,kismat.edwin@example.com,support_agent
63,Advik Bhalla,advik.bhalla@example.com,team_lead
64,Zara Dube,zara.dube@example.com,admin
65,Bhavin Dara,bhavin.dara@example.com,team_lead
66,Dharmajan Setty,dharmajan.setty@example.com,admin
67,Darshit Sidhu,darshit.sidhu@example.com,customer
68,Gokul Sahni,gokul.sahni@example.com,admin
69,Ira Butala,ira.butala@example.com,admin
70,Eva Viswanathan,eva.viswanathan@example.com,customer
71,Lakshit Madan,lakshit.madan@example.com,admin
72,Riya Dugal,riya.dugal@example.com,support_agent
73,Oorja Sachar,oorja.sachar@example.com,manager
74,Advika Yogi,advika.yogi@example.com,customer
75,Fateh Dasgupta,fateh.dasgupta@example.com,manager
76,Chirag Gara,chirag.gara@example.com,customer
77,Khushi Malhotra,khushi.malhotra@example.com,customer
78,Khushi Choudhary,khushi.choudhary@example.com,team_lead
79,Devansh Sathe,devansh.sathe@example.com,team_lead
80,Manikya Bandi,manikya.bandi@example.com,admin
81,Shalv Banik,shalv.banik@example.com,manager
82,Ranbir Sami,ranbir.sami@example.com,customer
83,Samaira Wadhwa,samaira.wadhwa@example.com,admin
84,Nirvaan Srinivasan,nirvaan.srinivasan@example.com,support_agent
85,Zara Jani,zara.jani@example.com,customer
86,Divit Bava,divit.bava@example.com,support_agent
87,Sumer Kakar,sumer.kakar@example.com,admin
88,Anahita Venkatesh,anahita.venkatesh@example.com,team_lead
89,Pari Sachdeva,pari.sachdeva@example.com,admin
90,Biju Jaggi,biju.jaggi@example.com,support_agent
91,Yasmin Venkataraman,yasmin.venkataraman@example.com,customer
92,Nishith Char,nishith.char@example.com,manager
93,Heer Kapur,heer.kapur@example.com,admin
94,Aarna Chand,aarna.chand@example.com,customer
95,Anahi Dash,anahi.dash@example.com,team_lead
96,Ahana  Swamy,ahana..swamy@example.com,team_lead
97,Badal Sachdev,badal.sachdev@example.com,team_lead
98,Divij Shetty,divij.shetty@example.com,customer
99,Ivan Jani,ivan.jani@example.com,admin
100,Anya Chhabra,anya.chhabra@example.com,customer
101,Biju Butala,biju.butala@example.com,customer
102,Aarav Hayer,aarav.hayer@example.com,manager
103,Vardaniya Srinivasan,vardaniya.srinivasan@example.com,manager
104,Reyansh Kakar,reyansh.kakar@example.com,admin
105,Indrans Chandran,indrans.chandran@example.com,manager
106,Madhav Balakrishnan,madhav.balakrishnan@example.com,team_lead
107,Siya Dugar,siya.dugar@example.com,manager
108,Badal Master,badal.master@example.com,team_lead
109,Damini Varkey,damini.varkey@example.com,admin
110,Bhavin Kumar,bhavin.kumar@example.com,customer
111,Kabir Banerjee,kabir.banerjee@example.com,customer
112,Pari Venkataraman,pari.venkataraman@example.com,manager
113,Yuvaan Bhasin,yuvaan.bhasin@example.com,team_lead
114,Kavya Rajan,kavya.rajan@example.com,support_agent
115,Miraya Baria,miraya.baria@example.com,support_agent
116,Nirvi Manne,nirvi.manne@example.com,support_agent
117,Pranay Chaudry,pranay.chaudry@example.com,customer
118,Nakul Deo,nakul.deo@example.com,customer
119,Hansh Sampath,hansh.sampath@example.com,team_lead
120,Amira Dugar,amira.dugar@example.com,manager
121,Aayush Karnik,aayush.karnik@example.com,support_agent
122,Devansh Luthra,devansh.luthra@example.com,team_lead
123,Dishani Deo,dishani.deo@example.com,team_lead
124,Stuvan Wadhwa,stuvan.wadhwa@example.com,manager
125,Nirvaan Goyal,nirvaan.goyal@example.com,team_lead
126,Indranil Kanda,indranil.kanda@example.com,manager
127,Manjari Swamy,manjari.swamy@example.com,admin
128,Nitya Taneja,nitya.taneja@example.com,manager
129,Nitara Ben,nitara.ben@example.com,support_agent
130,Prerak Bhardwaj,prerak.bhardwaj@example.com,support_agent
131,Shanaya Malhotra,shanaya.malhotra@example.com,manager
132,Purab Dhaliwal,purab.dhaliwal@example.com,admin
133,Saanvi Garg,saanvi.garg@example.com,admin
134,Piya Ravel,piya.ravel@example.com,support_agent
135,Dishani Konda,dishani.konda@example.com,admin
136,Baiju Batra,baiju.batra@example.com,team_lead
137,Raghav Bains,raghav.bains@example.com,customer
138,Shamik Solanki,shamik.solanki@example.com,team_lead
139,Navya Deep,navya.deep@example.com,support_agent
140,Seher Kant,seher.kant@example.com,admin
141,Jhanvi Agrawal,jhanvi.agrawal@example.com,manager
142,Dhanuk Wagle,dhanuk.wagle@example.com,customer
143,Inaaya  Badami,inaaya..badami@example.com,manager
144,Keya Majumdar,keya.majumdar@example.com,support_agent
145,Adah Bhatt,adah.bhatt@example.com,admin
146,Ryan Gopal,ryan.gopal@example.com,manager
147,Taimur Cheema,taimur.cheema@example.com,manager
148,Nitya Behl,nitya.behl@example.com,customer
149,Vanya Mammen,vanya.mammen@example.com,customer
150,Miraya Shere,miraya.shere@example.com,admin
151,Miraan Venkatesh,miraan.venkatesh@example.com,customer
152,Yasmin Tak,yasmin.tak@example.com,manager
153,Zain Arora,zain.arora@example.com,manager
154,Sara Ganesan,sara.ganesan@example.com,support_agent
155,Zaina Sami,zaina.sami@example.com,manager
156,Priyansh Buch,priyansh.buch@example.com,admin
157,Vaibhav Viswanathan,vaibhav.viswanathan@example.com,team_lead
158,Anaya Choudhry,anaya.choudhry@example.com,support_agent
159,Amira Gill,amira.gill@example.com,support_agent
160,Yashvi Viswanathan,yashvi.viswanathan@example.com,admin
161,Mamooty Arora,mamooty.arora@example.com,admin
162,Yakshit Gala,yakshit.gala@example.com,customer
163,Darshit Som,darshit.som@example.com,support_agent
164,Stuvan Rege,stuvan.rege@example.com,customer
165,Parinaaz Upadhyay,parinaaz.upadhyay@example.com,manager
166,Aniruddh Bhardwaj,aniruddh.bhardwaj@example.com,support_agent
167,Jayesh Mannan,jayesh.mannan@example.com,support_agent
168,Armaan Bhagat,armaan.bhagat@example.com,team_lead
169,Shray Sethi,shray.sethi@example.com,support_agent
170,Adira Raman,adira.raman@example.com,manager
171,Veer Yogi,veer.yogi@example.com,customer
172,Onkar Bains,onkar.bains@example.com,customer
173,Aarav Lad,aarav.lad@example.com,team_lead
174,Tejas Kale,tejas.kale@example.com,manager
175,Nitya Gandhi,nitya.gandhi@example.com,customer
176,Nitara Vala,nitara.vala@example.com,admin
177,Saira Yogi,saira.yogi@example.com,manager
178,Dishani Dubey,dishani.dubey@example.com,manager
179,Shaan Jaggi,shaan.jaggi@example.com,team_lead
180,Ishita Bhatt,ishita.bhatt@example.com,customer
181,Aaina Salvi,aaina.salvi@example.com,manager
182,Parinaaz Shere,parinaaz.shere@example.com,customer
183,Mannat Mane,mannat.mane@example.com,admin
184,Yuvaan Mahal,yuvaan.mahal@example.com,team_lead
185,Romil Dhar,romil.dhar@example.com,admin
186,Adah Srivastava,adah.srivastava@example.com,team_lead
187,Anahita Kant,anahita.kant@example.com,manager
188,Pari Chhabra,pari.chhabra@example.com,team_lead
189,Yashvi Yohannan,yashvi.yohannan@example.com,support_agent
190,Nirvi Basak,nirvi.basak@example.com,customer
191,Drishya Saini,drishya.saini@example.com,customer
192,Divij Tank,divij.tank@example.com,support_agent
193,Pari Dubey,pari.dubey@example.com,admin
194,Zara Chaudhary,zara.chaudhary@example.com,support_agent
195,Anay Bajaj,anay.bajaj@example.com,manager
196,Anika Ramaswamy,anika.ramaswamy@example.com,manager
197,Amani Johal,amani.johal@example.com,customer
198,Saanvi Sarin,saanvi.sarin@example.com,manager
199,Bhamini Iyengar,bhamini.iyengar@example.com,customer
200,Hunar Sagar,hunar.sagar@example.com,support_agent
201,Suhana Vasa,suhana.vasa@example.com,support_agent
202,Vanya Kala,vanya.kala@example.com,support_agent
203,Jayesh Suri,jayesh.suri@example.com,customer
204,Badal Mallick,badal.mallick@example.com,support_agent
205,Gatik Kari,gatik.kari@example.com,support_agent
206,Zaina Kata,zaina.kata@example.com,admin
207,Tanya Walla,tanya.walla@example.com,support_agent
208,Manjari Tandon,manjari.tandon@example.com,manager
209,Ira Kapoor,ira.kapoor@example.com,customer
210,Shanaya Venkataraman,shanaya.venkataraman@example.com,admin
211,Alisha Dayal,alisha.dayal@example.com,team_lead
212,Navya Devi,navya.devi@example.com,customer
213,Mishti Dar,mishti.dar@example.com,manager
214,Advika Barad,advika.barad@example.com,customer
215,Miraan Deshpande,miraan.deshpande@example.com,manager
216,Samar Warrior,samar.warrior@example.com,manager
217,Hiran Borra,hiran.borra@example.com,team_lead
218,Veer Saran,veer.saran@example.com,customer
219,Renee Chhabra,renee.chhabra@example.com,team_lead
220,Zeeshan Jani,zeeshan.jani@example.com,team_lead
221,Hrishita Kaul,hrishita.kaul@example.com,customer
222,Biju Chauhan,biju.chauhan@example.com,support_agent
223,Vidur Zachariah,vidur.zachariah@example.com,support_agent
224,Tarini Mani,tarini.mani@example.com,team_lead
225,Anvi Aggarwal,anvi.aggarwal@example.com,admin
226,Rohan Shetty,rohan.shetty@example.com,team_lead
227,Aaina Luthra,aaina.luthra@example.com,team_lead
228,Aradhya Choudhary,aradhya.choudhary@example.com,team_lead
229,Adira Kibe,adira.kibe@example.com,support_agent
230,Vidur Ganguly,vidur.ganguly@example.com,support_agent
231,Samaira Butala,samaira.butala@example.com,support_agent
232,Gokul Rastogi,gokul.rastogi@example.com,team_lead
233,Vihaan Rajagopalan,vihaan.rajagopalan@example.com,admin
234,Dharmajan Rout,dharmajan.rout@example.com,support_agent
235,Himmat Verma,himmat.verma@example.com,customer
236,Jivin Bakshi,jivin.bakshi@example.com,customer
237,Vaibhav Gade,vaibhav.gade@example.com,customer
238,Amani Gade,amani.gade@example.com,manager
239,Tara Wable,tara.wable@example.com,team_lead
240,Ranbir Shetty,ranbir.shetty@example.com,customer
241,Ojas Tiwari,ojas.tiwari@example.com,team_lead
242,Anaya Andra,anaya.andra@example.com,customer
243,Stuvan Choudhury,stuvan.choudhury@example.com,admin
244,Vanya Sachdev,vanya.sachdev@example.com,team_lead
245,Tanya Aurora,tanya.aurora@example.com,customer
246,Krish Tripathi,krish.tripathi@example.com,support_agent
247,Misha Bose,misha.bose@example.com,team_lead
248,Gokul Khalsa,gokul.khalsa@example.com,manager
249,Jivika Chopra,jivika.chopra@example.com,support_agent
250,Rati Dave,rati.dave@example.com,support_agent
251,Ivan Raman,ivan.raman@example.com,manager
252,Vanya Tank,vanya.tank@example.com,support_agent
253,Sahil Bhagat,sahil.bhagat@example.com,support_agent
254,Sahil Mani,sahil.mani@example.com,customer
255,Vivaan Sehgal,vivaan.sehgal@example.com,customer
256,Dhanuk Rajagopalan,dhanuk.rajagopalan@example.com,team_lead
257,Ehsaan Sarin,ehsaan.sarin@example.com,team_lead
258,Piya Rama,piya.rama@example.com,team_lead
259,Yashvi Mandal,yashvi.mandal@example.com,customer
260,Shray Lata,shray.lata@example.com,team_lead
261,Nitara Goyal,nitara.goyal@example.com,support_agent
262,Dishani Sabharwal,dishani.sabharwal@example.com,customer
263,Abram Vala,abram.vala@example.com,team_lead
264,Ayesha Bera,ayesha.bera@example.com,support_agent
265,Taran Ravi,taran.ravi@example.com,team_lead
266,Rhea Bose,rhea.bose@example.com,admin
267,Jayesh Sha,jayesh.sha@example.com,team_lead
268,Mannat Swamy,mannat.swamy@example.com,admin
269,Anahita Kamdar,anahita.kamdar@example.com,team_lead
270,Samarth Varkey,samarth.varkey@example.com,manager
271,Dhruv Dewan,dhruv.dewan@example.com,team_lead
272,Nirvaan Sheth,nirvaan.sheth@example.com,customer
273,Jiya Ramaswamy,jiya.ramaswamy@example.com,customer
274,Shayak Atwal,shayak.atwal@example.com,admin
275,Shaan Chand,shaan.chand@example.com,customer
276,Lakshit Goel,lakshit.goel@example.com,support_agent
277,Shlok Dey,shlok.dey@example.com,manager
278,Ivana Ahluwalia,ivana.ahluwalia@example.com,manager
279,Dharmajan Dara,dharmajan.dara@example.com,support_agent
280,Ayesha Mall,ayesha.mall@example.com,admin
281,Prisha Khanna,prisha.khanna@example.com,support_agent
282,Alia Sule,alia.sule@example.com,support_agent
283,Divij Din,divij.din@example.com,manager
284,Yuvaan Saraf,yuvaan.saraf@example.com,team_lead
285,Ryan Saini,ryan.saini@example.com,manager
286,Anika Malhotra,anika.malhotra@example.com,manager
287,Aarna Sharma,aarna.sharma@example.com,customer
288,Sumer Sarna,sumer.sarna@example.com,support_agent
289,Purab Dua,purab.dua@example.com,manager
290,Mehul Bhasin,mehul.bhasin@example.com,support_agent
291,Saksham Bhasin,saksham.bhasin@example.com,customer
292,Kartik Chokshi,kartik.chokshi@example.com,support_agent
293,Raghav Sengupta,raghav.sengupta@example.com,manager
294,Divyansh Thaman,divyansh.thaman@example.com,support_agent
295,Ritvik Comar,ritvik.comar@example.com,customer
296,Jayesh Dora,jayesh.dora@example.com,team_lead
297,Rhea Loke,rhea.loke@example.com,support_agent
298,Raghav Bajaj,raghav.bajaj@example.com,manager
299,Ishita Dhingra,ishita.dhingra@example.com,customer
300,Navya Vig,navya.vig@example.com,manager
301,Ehsaan Viswanathan,ehsaan.viswanathan@example.com,manager
302,Kaira Dhar,kaira.dhar@example.com,support_agent
303,Anvi Kannan,anvi.kannan@example.com,manager
304,Kabir Bal,kabir.bal@example.com,support_agent
305,Anvi Bhandari,anvi.bhandari@example.com,team_lead
306,Yakshit Korpal,yakshit.korpal@example.com,manager
307,Kashvi Rau,kashvi.rau@example.com,manager
308,Indrajit Borde,indrajit.borde@example.com,manager
309,Dharmajan Dash,dharmajan.dash@example.com,admin
310,Ivana Singhal,ivana.singhal@example.com,admin
311,Mahika Raju,mahika.raju@example.com,customer
312,Urvi Lal,urvi.lal@example.com,admin
313,Alisha Kant,alisha.kant@example.com,customer
314,Khushi Kala,khushi.kala@example.com,admin
315,Jiya Rao,jiya.rao@example.com,team_lead
316,Manjari Shankar,manjari.shankar@example.com,customer
317,Tarini Chawla,tarini.chawla@example.com,admin
318,Prerak Sahota,prerak.sahota@example.com,team_lead
319,Indranil Dar,indranil.dar@example.com,admin
320,Ishita Barad,ishita.barad@example.com,support_agent
321,Aarav Jayaraman,aarav.jayaraman@example.com,support_agent
322,Prisha Rajan,prisha.rajan@example.com,team_lead
323,Riaan Babu,riaan.babu@example.com,manager
324,Reyansh Sastry,reyansh.sastry@example.com,manager
325,Rati Vasa,rati.vasa@example.com,support_agent
326,Devansh Sankar,devansh.sankar@example.com,support_agent
327,Prerak Subramaniam,prerak.subramaniam@example.com,manager
328,Aarna Bhandari,aarna.bhandari@example.com,customer
329,Neelofar Borde,neelofar.borde@example.com,manager
330,Hridaan Banik,hridaan.banik@example.com,admin
331,Ivan Sule,ivan.sule@example.com,customer
332,Kimaya Shere,kimaya.shere@example.com,admin
333,Advika Bhatia,advika.bhatia@example.com,support_agent
334,Prisha Doshi,prisha.doshi@example.com,customer
335,Purab Krishna,purab.krishna@example.com,admin
336,Advika Baria,advika.baria@example.com,admin
337,Adah Shah,adah.shah@example.com,customer
338,Lavanya Dass,lavanya.dass@example.com,team_lead
339,Divij Contractor,divij.contractor@example.com,manager
340,Tarini Samra,tarini.samra@example.com,admin
341,Kashvi Bahri,kashvi.bahri@example.com,manager
342,Anaya Lad,anaya.lad@example.com,manager
343,Ranbir Chana,ranbir.chana@example.com,support_agent
344,Myra Talwar,myra.talwar@example.com,manager
345,Divij Keer,divij.keer@example.com,admin
346,Yuvraj  Ganesan,yuvraj..ganesan@example.com,support_agent
347,Oorja Ben,oorja.ben@example.com,customer
348,Shalv Jha,shalv.jha@example.com,admin
349,Reyansh Saini,reyansh.saini@example.com,support_agent
350,Tara Maharaj,tara.maharaj@example.com,support_agent
351,Amani Basu,amani.basu@example.com,manager
352,Ojas Edwin,ojas.edwin@example.com,customer
353,Trisha Jaggi,trisha.jaggi@example.com,admin
354,Nirvi Virk,nirvi.virk@example.com,admin
355,Zain Bala,zain.bala@example.com,manager
356,Ela Golla,ela.golla@example.com,customer
357,Mishti Kant,mishti.kant@example.com,admin
358,Lagan Deol,lagan.deol@example.com,customer
359,Reyansh Kanda,reyansh.kanda@example.com,admin
360,Gatik Atwal,gatik.atwal@example.com,manager
361,Rhea Buch,rhea.buch@example.com,team_lead
362,Ishita Amble,ishita.amble@example.com,admin
363,Divij Chowdhury,divij.chowdhury@example.com,support_agent
364,Anahi Bhargava,anahi.bhargava@example.com,support_agent
365,Charvi Sehgal,charvi.sehgal@example.com,team_lead
366,Diya Sastry,diya.sastry@example.com,admin
367,Zeeshan Tiwari,zeeshan.tiwari@example.com,support_agent
368,Anaya Dara,anaya.dara@example.com,support_agent
369,Ishita Bora,ishita.bora@example.com,admin
370,Kanav Ram,kanav.ram@example.com,customer
371,Darshit Devi,darshit.devi@example.com,admin
372,Shlok Subramaniam,shlok.subramaniam@example.com,customer
373,Aarav Dhaliwal,aarav.dhaliwal@example.com,team_lead
374,Khushi Mann,khushi.mann@example.com,manager
375,Indrajit Kapoor,indrajit.kapoor@example.com,team_lead
376,Shray Ganesan,shray.ganesan@example.com,manager
377,Amani Dyal,amani.dyal@example.com,support_agent
378,Rasha Dar,rasha.dar@example.com,support_agent
379,Mehul Varty,mehul.varty@example.com,support_agent
380,Azad Dutt,azad.dutt@example.com,customer
381,Renee Tak,renee.tak@example.com,manager
382,Veer Saini,veer.saini@example.com,support_agent
383,Bhamini Badami,bhamini.badami@example.com,admin
384,Damini Rajagopal,damini.rajagopal@example.com,manager
385,Divyansh Vohra,divyansh.vohra@example.com,manager
386,Divyansh Lall,divyansh.lall@example.com,customer
387,Abram Sen,abram.sen@example.com,team_lead
388,Yuvraj  Virk,yuvraj..virk@example.com,customer
389,Dhanuk Keer,dhanuk.keer@example.com,support_agent
390,Shayak Ratta,shayak.ratta@example.com,admin
391,Nehmat Baria,nehmat.baria@example.com,admin
392,Pari Varughese,pari.varughese@example.com,support_agent
393,Samar Rattan,samar.rattan@example.com,admin
394,Hrishita Badami,hrishita.badami@example.com,customer
395,Miraan Raval,miraan.raval@example.com,customer
396,Manikya Shenoy,manikya.shenoy@example.com,support_agent
397,Adira Bawa,adira.bawa@example.com,admin
398,Ahana  Chacko,ahana..chacko@example.com,manager
399,Aniruddh Bajaj,aniruddh.bajaj@example.com,team_lead
400,Yashvi Bala,yashvi.bala@example.com,manager
401,Taimur Grover,taimur.grover@example.com,customer
402,Hunar Das,hunar.das@example.com,customer
403,Jivika Sanghvi,jivika.sanghvi@example.com,customer
404,Jayan Chahal,jayan.chahal@example.com,customer
405,Manjari Virk,manjari.virk@example.com,team_lead
406,Miraya Sanghvi,miraya.sanghvi@example.com,support_agent
407,Charvi Manne,charvi.manne@example.com,customer
408,Mehul Kashyap,mehul.kashyap@example.com,admin
409,Amira Datta,amira.datta@example.com,team_lead
410,Zaina Kaul,zaina.kaul@example.com,customer
411,Parinaaz Mahajan,parinaaz.mahajan@example.com,admin
412,Devansh Kant,devansh.kant@example.com,customer
413,Khushi Doctor,khushi.doctor@example.com,support_agent
414,Prisha Dass,prisha.dass@example.com,team_lead
415,Romil Chaudhary,romil.chaudhary@example.com,support_agent
416,Anya Bera,anya.bera@example.com,team_lead
417,Vaibhav Mangal,vaibhav.mangal@example.com,customer
418,Kashvi Divan,kashvi.divan@example.com,customer
419,Akarsh Thakkar,akarsh.thakkar@example.com,team_lead
420,Raghav Agrawal,raghav.agrawal@example.com,admin
421,Mahika Sharma,mahika.sharma@example.com,admin
422,Reyansh Soni,reyansh.soni@example.com,customer
423,Mahika Suresh,mahika.suresh@example.com,customer
424,Madhup Ravi,madhup.ravi@example.com,support_agent
425,Miraya Dass,miraya.dass@example.com,customer
426,Mishti Bava,mishti.bava@example.com,team_lead
427,Sahil Subramaniam,sahil.subramaniam@example.com,admin
428,Arhaan Mann,arhaan.mann@example.com,admin
429,Sana Bhatti,sana.bhatti@example.com,support_agent
430,Ritvik Gade,ritvik.gade@example.com,admin
431,Jayant Chaudhry,jayant.chaudhry@example.com,admin
432,Vedika Madan,vedika.madan@example.com,manager
433,Eva Krishna,eva.krishna@example.com,team_lead
434,Ivan Dave,ivan.dave@example.com,manager
435,Zara Divan,zara.divan@example.com,admin
436,Zaina Bhandari,zaina.bhandari@example.com,support_agent
437,Dhanuk Bobal,dhanuk.bobal@example.com,support_agent
438,Parinaaz Sengupta,parinaaz.sengupta@example.com,admin
439,Zaina Mallick,zaina.mallick@example.com,customer
440,Divij Subramanian,divij.subramanian@example.com,manager
441,Abram Deo,abram.deo@example.com,admin
442,Amani Gour,amani.gour@example.com,support_agent
443,Keya Halder,keya.halder@example.com,support_agent
444,Emir Sandal,emir.sandal@example.com,manager
445,Anaya Arora,anaya.arora@example.com,team_lead
446,Manjari Choudhry,manjari.choudhry@example.com,admin
447,Myra Tata,myra.tata@example.com,admin
448,Rati Dora,rati.dora@example.com,team_lead
449,Farhan Boase,farhan.boase@example.com,manager
450,Armaan Doshi,armaan.doshi@example.com,manager
451,Farhan Bava,farhan.bava@example.com,support_agent
452,Heer Bir,heer.bir@example.com,team_lead
453,Amani Goyal,amani.goyal@example.com,manager
454,Khushi Sharaf,khushi.sharaf@example.com,customer
455,Zeeshan Sagar,zeeshan.sagar@example.com,admin
456,Ayesha Randhawa,ayesha.randhawa@example.com,support_agent
457,Ranbir Babu,ranbir.babu@example.com,team_lead
458,Madhav Kapadia,madhav.kapadia@example.com,support_agent
459,Miraan Varma,miraan.varma@example.com,manager
460,Divyansh Sankar,divyansh.sankar@example.com,manager
461,Inaaya  Yohannan,inaaya..yohannan@example.com,customer
462,Biju Issac,biju.issac@example.com,admin
463,Kanav Bhat,kanav.bhat@example.com,team_lead
464,Divij Saini,divij.saini@example.com,support_agent
465,Nayantara Reddy,nayantara.reddy@example.com,admin
466,Badal Srivastava,badal.srivastava@example.com,manager
467,Nirvaan Bhatnagar,nirvaan.bhatnagar@example.com,admin
468,Darshit Thakkar,darshit.thakkar@example.com,support_agent
469,Khushi Chokshi,khushi.chokshi@example.com,admin
470,Shalv Soman,shalv.soman@example.com,manager
471,Vedika Yohannan,vedika.yohannan@example.com,admin
472,Raghav Varughese,raghav.varughese@example.com,team_lead
473,Hansh Madan,hansh.madan@example.com,admin
474,Yasmin Chahal,yasmin.chahal@example.com,team_lead
475,Nitara Verma,nitara.verma@example.com,admin
476,Hansh Amble,hansh.amble@example.com,manager
477,Vritika Subramaniam,vritika.subramaniam@example.com,customer
478,Khushi Edwin,khushi.edwin@example.com,customer
479,Jayant Deo,jayant.deo@example.com,team_lead
480,Gokul Shanker,gokul.shanker@example.com,team_lead
481,Eshani Bhandari,eshani.bhandari@example.com,customer
482,Anika Kapur,anika.kapur@example.com,manager
483,Drishya Rajagopalan,drishya.rajagopalan@example.com,manager
484,Alisha Krishnamurthy,alisha.krishnamurthy@example.com,admin
485,Mannat Bains,mannat.bains@example.com,team_lead
486,Amira Rout,amira.rout@example.com,manager
487,Biju Khatri,biju.khatri@example.com,support_agent
488,Aaryahi Sankar,aaryahi.sankar@example.com,admin
489,Ayesha Sawhney,ayesha.sawhney@example.com,admin
490,Devansh Yogi,devansh.yogi@example.com,customer
491,Samarth Ramanathan,samarth.ramanathan@example.com,team_lead
492,Chirag Bhatnagar,chirag.bhatnagar@example.com,manager
493,Misha Ravel,misha.ravel@example.com,manager
494,Amani Krishnan,amani.krishnan@example.com,admin
495,Divyansh Sundaram,divyansh.sundaram@example.com,team_lead
496,Neysa Sachdev,neysa.sachdev@example.com,team_lead
497,Adah Kara,adah.kara@example.com,team_lead
498,Zain Gara,zain.gara@example.com,customer
499,Yakshit Johal,yakshit.johal@example.com,manager
500,Saksham Kala,saksham.kala@example.com,team_lead
501,Nitya Datta,nitya.datta@example.com,customer
502,Indrans Sankar,indrans.sankar@example.com,support_agent
503,Darshit Bath,darshit.bath@example.com,admin
504,Divij Kalita,divij.kalita@example.com,manager
505,Shanaya Shankar,shanaya.shankar@example.com,manager
506,Zoya Bhattacharyya,zoya.bhattacharyya@example.com,admin
507,Khushi Mand,khushi.mand@example.com,support_agent
508,Oorja Bhat,oorja.bhat@example.com,customer
509,Sumer Vohra,sumer.vohra@example.com,admin
510,Saira Bal,saira.bal@example.com,customer
511,Kismat Dugal,kismat.dugal@example.com,customer
512,Ehsaan Mani,ehsaan.mani@example.com,customer
513,Indrans Saha,indrans.saha@example.com,support_agent
514,Mamooty Vaidya,mamooty.vaidya@example.com,support_agent
515,Stuvan Uppal,stuvan.uppal@example.com,customer
516,Farhan Singh,farhan.singh@example.com,team_lead
517,Kaira Chowdhury,kaira.chowdhury@example.com,manager
518,Jhanvi Sinha,jhanvi.sinha@example.com,support_agent
519,Mahika Saha,mahika.saha@example.com,team_lead
520,Aniruddh Chana,aniruddh.chana@example.com,team_lead
521,Rati Singh,rati.singh@example.com,manager
522,Shayak Gill,shayak.gill@example.com,customer
523,Jivin Virk,jivin.virk@example.com,team_lead
524,Jivika Saha,jivika.saha@example.com,team_lead
525,Darshit Bobal,darshit.bobal@example.com,team_lead
526,Divij Shenoy,divij.shenoy@example.com,customer
527,Uthkarsh Kadakia,uthkarsh.kadakia@example.com,customer
528,Shlok Brar,shlok.brar@example.com,support_agent
529,Sahil Sen,sahil.sen@example.com,support_agent
530,Urvi Mander,urvi.mander@example.com,team_lead
531,Baiju Brahmbhatt,baiju.brahmbhatt@example.com,customer
532,Tanya Ranganathan,tanya.ranganathan@example.com,customer
533,Pari Baria,pari.baria@example.com,manager
534,Ahana  Sahota,ahana..sahota@example.com,team_lead
535,Aradhya Raman,aradhya.raman@example.com,support_agent
536,Zeeshan Deshpande,zeeshan.deshpande@example.com,manager
537,Tanya Kunda,tanya.kunda@example.com,customer
538,Shray Kale,shray.kale@example.com,support_agent
539,Raunak Sane,raunak.sane@example.com,team_lead
540,Eshani Sama,eshani.sama@example.com,customer
541,Azad Choudhary,azad.choudhary@example.com,team_lead
542,Kismat Bala,kismat.bala@example.com,manager
543,Lagan Dora,lagan.dora@example.com,manager
544,Tiya Biswas,tiya.biswas@example.com,manager
545,Riaan Gade,riaan.gade@example.com,admin
546,Aarush Kothari,aarush.kothari@example.com,team_lead
547,Jayant Bhattacharyya,jayant.bhattacharyya@example.com,manager
548,Hazel Sarraf,hazel.sarraf@example.com,manager
549,Damini Mammen,damini.mammen@example.com,team_lead
550,Devansh Issac,devansh.issac@example.com,manager
551,Adira Andra,adira.andra@example.com,team_lead
552,Dhanuk Venkataraman,dhanuk.venkataraman@example.com,customer
553,Kashvi Kala,kashvi.kala@example.com,team_lead
554,Rhea Reddy,rhea.reddy@example.com,team_lead
555,Riaan Bhandari,riaan.bhandari@example.com,admin
556,Akarsh Gaba,akarsh.gaba@example.com,customer
557,Zaina Ranganathan,zaina.ranganathan@example.com,admin
558,Prisha Golla,prisha.golla@example.com,manager
559,Adira Uppal,adira.uppal@example.com,team_lead
560,Nirvaan Kamdar,nirvaan.kamdar@example.com,customer
561,Eshani Baral,eshani.baral@example.com,admin
562,Sahil Sharma,sahil.sharma@example.com,team_lead
563,Madhup Ganesan,madhup.ganesan@example.com,support_agent
564,Dhanuk Kumer,dhanuk.kumer@example.com,admin
565,Eva Kumer,eva.kumer@example.com,customer
566,Urvi Ghosh,urvi.ghosh@example.com,admin
567,Samiha Tank,samiha.tank@example.com,admin
568,Miraan Behl,miraan.behl@example.com,admin
569,Onkar Chaudhary,onkar.chaudhary@example.com,manager
570,Lavanya Bose,lavanya.bose@example.com,support_agent
571,Jayesh Som,jayesh.som@example.com,customer
572,Anahi Shroff,anahi.shroff@example.com,customer
573,Pihu Wadhwa,pihu.wadhwa@example.com,customer
574,Mishti Dugar,mishti.dugar@example.com,team_lead
575,Advika Bandi,advika.bandi@example.com,customer
576,Ahana  Raval,ahana..raval@example.com,customer
577,Yashvi Devan,yashvi.devan@example.com,support_agent
578,Sumer Kulkarni,sumer.kulkarni@example.com,team_lead
579,Sahil Kashyap,sahil.kashyap@example.com,team_lead
580,Armaan Balakrishnan,armaan.balakrishnan@example.com,admin
581,Reyansh Barad,reyansh.barad@example.com,manager
582,Mannat Rajan,mannat.rajan@example.com,team_lead
583,Anahi Mannan,anahi.mannan@example.com,team_lead
584,Alisha Tailor,alisha.tailor@example.com,support_agent
585,Samarth Ramakrishnan,samarth.ramakrishnan@example.com,customer
586,Damini Borra,damini.borra@example.com,team_lead
587,Alisha Behl,alisha.behl@example.com,team_lead
588,Riya Basak,riya.basak@example.com,manager
589,Arnav Dasgupta,arnav.dasgupta@example.com,support_agent
590,Advika Lala,advika.lala@example.com,manager
591,Tejas Grewal,tejas.grewal@example.com,team_lead
592,Vidur Jayaraman,vidur.jayaraman@example.com,team_lead
593,Parinaaz Ram,parinaaz.ram@example.com,support_agent
594,Vritika Raval,vritika.raval@example.com,admin
595,Chirag Gala,chirag.gala@example.com,admin
596,Ivana Sane,ivana.sane@example.com,team_lead
597,Raunak Date,raunak.date@example.com,team_lead
598,Shamik Baria,shamik.baria@example.com,manager
599,Stuvan Dubey,stuvan.dubey@example.com,manager
600,Hansh Rajan,hansh.rajan@example.com,manager
601,Sahil Mammen,sahil.mammen@example.com,customer
602,Nayantara Sule,nayantara.sule@example.com,team_lead
603,Gokul Sampath,gokul.sampath@example.com,customer
604,Neelofar Sampath,neelofar.sampath@example.com,admin
605,Diya Golla,diya.golla@example.com,team_lead
606,Taran Dubey,taran.dubey@example.com,team_lead
607,Lakshit Garde,lakshit.garde@example.com,support_agent
608,Kartik Chowdhury,kartik.chowdhury@example.com,team_lead
609,Indrans Barad,indrans.barad@example.com,admin
610,Vedika Bedi,vedika.bedi@example.com,team_lead
611,Nitara Ganguly,nitara.ganguly@example.com,customer
612,Kimaya Guha,kimaya.guha@example.com,team_lead
613,Ishaan Chana,ishaan.chana@example.com,customer
614,Saira Kanda,saira.kanda@example.com,manager
615,Zain Gopal,zain.gopal@example.com,manager
616,Ahana  Ramaswamy,ahana..ramaswamy@example.com,support_agent
617,Suhana Shere,suhana.shere@example.com,team_lead
618,Mehul Loke,mehul.loke@example.com,manager
619,Sahil Tailor,sahil.tailor@example.com,manager
620,Kartik Gour,kartik.gour@example.com,support_agent
621,Anahi Sodhi,anahi.sodhi@example.com,support_agent
622,Vanya Halder,vanya.halder@example.com,team_lead
623,Ishaan Taneja,ishaan.taneja@example.com,customer
624,Zaina Ramakrishnan,zaina.ramakrishnan@example.com,team_lead
625,Ojas Bal,ojas.bal@example.com,customer
626,Umang Malhotra,umang.malhotra@example.com,support_agent
627,Riya Vaidya,riya.vaidya@example.com,admin
628,Raunak Barman,raunak.barman@example.com,team_lead
629,Purab Kar,purab.kar@example.com,admin
630,Adira Bath,adira.bath@example.com,customer
631,Alisha Wagle,alisha.wagle@example.com,team_lead
632,Anay Johal,anay.johal@example.com,admin
633,Vivaan Krishnamurthy,vivaan.krishnamurthy@example.com,admin
634,Miraan Hans,miraan.hans@example.com,team_lead
635,Umang Choudhury,umang.choudhury@example.com,admin
636,Samar Bawa,samar.bawa@example.com,team_lead
637,Vritika Bora,vritika.bora@example.com,admin
638,Armaan Dhar,armaan.dhar@example.com,support_agent
639,Rasha Thakur,rasha.thakur@example.com,team_lead
640,Tara Sastry,tara.sastry@example.com,support_agent
641,Alia Randhawa,alia.randhawa@example.com,manager
642,Dhanush Andra,dhanush.andra@example.com,support_agent
643,Madhav Tiwari,madhav.tiwari@example.com,admin
644,Ira Seth,ira.seth@example.com,customer
645,Faiyaz Soni,faiyaz.soni@example.com,support_agent
646,Miraan Dora,miraan.dora@example.com,support_agent
647,Badal Dar,badal.dar@example.com,support_agent
648,Navya Sundaram,navya.sundaram@example.com,customer
649,Chirag Bhakta,chirag.bhakta@example.com,customer
650,Kimaya Loyal,kimaya.loyal@example.com,support_agent
651,Mohanlal Kurian,mohanlal.kurian@example.com,manager
652,Saanvi Bora,saanvi.bora@example.com,customer
653,Aaryahi Acharya,aaryahi.acharya@example.com,customer
654,Nakul Mangal,nakul.mangal@example.com,customer
655,Kabir Salvi,kabir.salvi@example.com,team_lead
656,Eshani Gole,eshani.gole@example.com,support_agent
657,Eshani Magar,eshani.magar@example.com,manager
658,Vidur Vohra,vidur.vohra@example.com,customer
659,Azad Ravi,azad.ravi@example.com,team_lead
660,Umang Date,umang.date@example.com,admin
661,Taimur Subramaniam,taimur.subramaniam@example.com,admin
662,Shray Dara,shray.dara@example.com,customer
663,Trisha Mannan,trisha.mannan@example.com,manager
664,Himmat Bains,himmat.bains@example.com,manager
665,Inaaya  Gara,inaaya..gara@example.com,support_agent
666,Vanya Sani,vanya.sani@example.com,customer
667,Rasha Khatri,rasha.khatri@example.com,admin
668,Zoya Bir,zoya.bir@example.com,support_agent
669,Saanvi Soni,saanvi.soni@example.com,manager
670,Armaan Din,armaan.din@example.com,support_agent
671,Azad Sule,azad.sule@example.com,admin
672,Arnav Dugar,arnav.dugar@example.com,manager
673,Drishya Issac,drishya.issac@example.com,team_lead
674,Ojas Badami,ojas.badami@example.com,team_lead
675,Reyansh Gokhale,reyansh.gokhale@example.com,customer
676,Neysa Gandhi,neysa.gandhi@example.com,support_agent
677,Gatik Sura,gatik.sura@example.com,manager
678,Adira Walia,adira.walia@example.com,customer
679,Shanaya Kannan,shanaya.kannan@example.com,support_agent
680,Shayak Chander,shayak.chander@example.com,admin
681,Rania Kothari,rania.kothari@example.com,manager
682,Yasmin Lad,yasmin.lad@example.com,support_agent
683,Zaina Barman,zaina.barman@example.com,manager
684,Dhanush Kale,dhanush.kale@example.com,support_agent
685,Inaaya  Din,inaaya..din@example.com,admin
686,Ehsaan Baral,ehsaan.baral@example.com,manager
687,Nitara Divan,nitara.divan@example.com,team_lead
688,Alia Ramachandran,alia.ramachandran@example.com,admin
689,Ivan Sant,ivan.sant@example.com,support_agent
690,Stuvan Kapoor,stuvan.kapoor@example.com,manager
691,Samiha Virk,samiha.virk@example.com,admin
692,Mannat Kalla,mannat.kalla@example.com,support_agent
693,Navya Sule,navya.sule@example.com,team_lead
694,Dhanuk Sampath,dhanuk.sampath@example.com,team_lead
695,Tejas Kunda,tejas.kunda@example.com,support_agent
696,Aniruddh Bora,aniruddh.bora@example.com,team_lead
697,Arhaan Bhatnagar,arhaan.bhatnagar@example.com,admin
698,Miraan Sood,miraan.sood@example.com,team_lead
699,Taran Handa,taran.handa@example.com,customer
700,Tushar Grewal,tushar.grewal@example.com,team_lead
701,Tarini Barad,tarini.barad@example.com,customer
702,Eva Goswami,eva.goswami@example.com,manager
703,Saksham Sachar,saksham.sachar@example.com,admin
704,Nishith Bhandari,nishith.bhandari@example.com,manager
705,Sara Chander,sara.chander@example.com,manager
706,Ela Hari,ela.hari@example.com,team_lead
707,Prerak Soman,prerak.soman@example.com,team_lead
708,Renee Kapoor,renee.kapoor@example.com,team_lead
709,Manjari Dhar,manjari.dhar@example.com,manager
710,Krish Bhat,krish.bhat@example.com,admin
711,Devansh Kara,devansh.kara@example.com,admin
712,Riya Kapadia,riya.kapadia@example.com,customer
713,Zoya Sanghvi,zoya.sanghvi@example.com,support_agent
714,Nitya Ghose,nitya.ghose@example.com,admin
715,Ira Madan,ira.madan@example.com,team_lead
716,Rohan Varghese,rohan.varghese@example.com,customer
717,Riya Savant,riya.savant@example.com,team_lead
718,Yashvi Golla,yashvi.golla@example.com,manager
719,Gatik Chaudhry,gatik.chaudhry@example.com,manager
720,Miraan Subramanian,miraan.subramanian@example.com,team_lead
721,Anay Gole,anay.gole@example.com,admin
722,Anahita Suri,anahita.suri@example.com,support_agent
723,Manjari Wagle,manjari.wagle@example.com,team_lead
724,Chirag Dubey,chirag.dubey@example.com,admin
725,Saanvi Sem,saanvi.sem@example.com,customer
726,Eshani Jha,eshani.jha@example.com,team_lead
727,Kashvi Bansal,kashvi.bansal@example.com,customer
728,Samar Rege,samar.rege@example.com,admin
729,Alisha Kaul,alisha.kaul@example.com,admin
730,Gokul Vyas,gokul.vyas@example.com,admin
731,Tiya Bhattacharyya,tiya.bhattacharyya@example.com,admin
732,Damini Vig,damini.vig@example.com,manager
733,Gatik Lad,gatik.lad@example.com,admin
734,Romil Butala,romil.butala@example.com,manager
735,Samarth Savant,samarth.savant@example.com,support_agent
736,Shray Lad,shray.lad@example.com,manager
737,Dhanush Dass,dhanush.dass@example.com,customer
738,Myra Majumdar,myra.majumdar@example.com,support_agent
739,Gokul Rattan,gokul.rattan@example.com,customer
740,Mannat Loke,mannat.loke@example.com,team_lead
741,Damini Rege,damini.rege@example.com,team_lead
742,Kiara Mannan,kiara.mannan@example.com,manager
743,Jayan Sahni,jayan.sahni@example.com,customer
744,Jivika Bail,jivika.bail@example.com,team_lead
745,Dhanush Bajaj,dhanush.bajaj@example.com,team_lead
746,Nehmat Cheema,nehmat.cheema@example.com,team_lead
747,Miraya Reddy,miraya.reddy@example.com,support_agent
748,Charvi Walia,charvi.walia@example.com,support_agent
749,Nayantara Dora,nayantara.dora@example.com,admin
750,Nirvaan Swaminathan,nirvaan.swaminathan@example.com,customer
751,Rohan Karan,rohan.karan@example.com,team_lead
752,Prisha Balan,prisha.balan@example.com,customer
753,Advika Johal,advika.johal@example.com,admin
754,Anahi Chaudry,anahi.chaudry@example.com,manager
755,Mahika Bora,mahika.bora@example.com,admin
756,Saanvi Dutta,saanvi.dutta@example.com,team_lead
757,Yakshit Bhattacharyya,yakshit.bhattacharyya@example.com,manager
758,Drishya Mand,drishya.mand@example.com,manager
759,Samar Dara,samar.dara@example.com,admin
760,Gatik Deol,gatik.deol@example.com,team_lead
761,Nishith Bobal,nishith.bobal@example.com,manager
762,Badal Dhillon,badal.dhillon@example.com,admin
763,Mannat Kadakia,mannat.kadakia@example.com,admin
764,Indranil Talwar,indranil.talwar@example.com,team_lead
765,Kashvi Sen,kashvi.sen@example.com,admin
766,Kanav Singh,kanav.singh@example.com,admin
767,Charvi Kurian,charvi.kurian@example.com,admin
768,Charvi Wable,charvi.wable@example.com,customer
769,Charvi Apte,charvi.apte@example.com,support_agent
770,Vihaan Krishnan,vihaan.krishnan@example.com,customer
771,Nakul Chokshi,nakul.chokshi@example.com,admin
772,Badal Bakshi,badal.bakshi@example.com,support_agent
773,Bhamini Raju,bhamini.raju@example.com,manager
774,Reyansh Loyal,reyansh.loyal@example.com,customer
775,Emir Kale,emir.kale@example.com,customer
776,Prerak Seth,prerak.seth@example.com,customer
777,Tarini Jaggi,tarini.jaggi@example.com,team_lead
778,Azad Iyer,azad.iyer@example.com,admin
779,Jiya Mand,jiya.mand@example.com,manager
780,Taran Malhotra,taran.malhotra@example.com,manager
781,Devansh Hans,devansh.hans@example.com,manager
782,Tarini Maharaj,tarini.maharaj@example.com,admin
783,Misha Sangha,misha.sangha@example.com,support_agent
784,Gokul Bava,gokul.bava@example.com,customer
785,Umang Sundaram,umang.sundaram@example.com,admin
786,Ivana Goswami,ivana.goswami@example.com,customer
787,Kiaan Ramachandran,kiaan.ramachandran@example.com,admin
788,Damini Bahri,damini.bahri@example.com,customer
789,Armaan Biswas,armaan.biswas@example.com,admin
790,Zaina Khalsa,zaina.khalsa@example.com,support_agent
791,Indrajit Raman,indrajit.raman@example.com,manager
792,Shaan Ramesh,shaan.ramesh@example.com,customer
793,Ishaan Hegde,ishaan.hegde@example.com,admin
794,Kiara Ganguly,kiara.ganguly@example.com,support_agent
795,Rhea Manda,rhea.manda@example.com,support_agent
796,Anika Tandon,anika.tandon@example.com,manager
797,Tushar Gandhi,tushar.gandhi@example.com,admin
798,Zeeshan Manne,zeeshan.manne@example.com,customer
799,Yashvi Yogi,yashvi.yogi@example.com,team_lead
800,Kimaya Khalsa,kimaya.khalsa@example.com,support_agent
801,Neysa Srinivas,neysa.srinivas@example.com,support_agent
802,Jayan Lala,jayan.lala@example.com,manager
803,Hunar Tara,hunar.tara@example.com,admin
804,Arhaan Mangat,arhaan.mangat@example.com,team_lead
805,Kanav Andra,kanav.andra@example.com,team_lead
806,Saksham Kadakia,saksham.kadakia@example.com,team_lead
807,Zain Sant,zain.sant@example.com,admin
808,Zain Krishna,zain.krishna@example.com,customer
809,Sara Seth,sara.seth@example.com,support_agent
810,Renee Biswas,renee.biswas@example.com,admin
811,Jhanvi Gaba,jhanvi.gaba@example.com,team_lead
812,Eshani Guha,eshani.guha@example.com,support_agent
813,Jayant Karpe,jayant.karpe@example.com,support_agent
814,Inaaya  Goel,inaaya..goel@example.com,team_lead
815,Manjari Khurana,manjari.khurana@example.com,team_lead
816,Nishith Dewan,nishith.dewan@example.com,support_agent
817,Mamooty Dixit,mamooty.dixit@example.com,manager
818,Renee Chawla,renee.chawla@example.com,support_agent
819,Samar Khatri,samar.khatri@example.com,customer
820,Jhanvi Sunder,jhanvi.sunder@example.com,customer
821,Reyansh Bhat,reyansh.bhat@example.com,manager
822,Vivaan Tank,vivaan.tank@example.com,admin
823,Trisha Suri,trisha.suri@example.com,support_agent
824,Riaan Bail,riaan.bail@example.com,customer
825,Riya Baral,riya.baral@example.com,support_agent
826,Ahana  Sagar,ahana..sagar@example.com,manager
827,Siya Khatri,siya.khatri@example.com,team_lead
828,Krish Thaker,krish.thaker@example.com,manager
829,Jhanvi Sarin,jhanvi.sarin@example.com,manager
830,Hiran Bhagat,hiran.bhagat@example.com,manager
831,Nirvaan Bakshi,nirvaan.bakshi@example.com,customer
832,Navya Dada,navya.dada@example.com,manager
833,Divyansh Jhaveri,divyansh.jhaveri@example.com,team_lead
834,Saanvi Keer,saanvi.keer@example.com,team_lead
835,Pihu Solanki,pihu.solanki@example.com,team_lead
836,Aarush Maharaj,aarush.maharaj@example.com,admin
837,Yuvraj  Sachdeva,yuvraj..sachdeva@example.com,manager
838,Anvi Sachdev,anvi.sachdev@example.com,team_lead
839,Tanya Dhawan,tanya.dhawan@example.com,admin
840,Reyansh Roy,reyansh.roy@example.com,manager
841,Tiya Basu,tiya.basu@example.com,manager
842,Hazel Shankar,hazel.shankar@example.com,support_agent
843,Jayant Joshi,jayant.joshi@example.com,manager
844,Armaan Toor,armaan.toor@example.com,support_agent
845,Vedika Kota,vedika.kota@example.com,customer
846,Siya Viswanathan,siya.viswanathan@example.com,customer
847,Armaan Agrawal,armaan.agrawal@example.com,admin
848,Jiya Ramachandran,jiya.ramachandran@example.com,support_agent
849,Shamik Dhar,shamik.dhar@example.com,customer
850,Nayantara Magar,nayantara.magar@example.com,customer
851,Himmat Varghese,himmat.varghese@example.com,customer
852,Purab Char,purab.char@example.com,manager
853,Shalv Bumb,shalv.bumb@example.com,support_agent
854,Neelofar Dave,neelofar.dave@example.com,customer
855,Abram Shan,abram.shan@example.com,support_agent
856,Vritika Divan,vritika.divan@example.com,team_lead
857,Jayant Ramaswamy,jayant.ramaswamy@example.com,team_lead
858,Aaryahi Kurian,aaryahi.kurian@example.com,manager
859,Dhruv Iyer,dhruv.iyer@example.com,team_lead
860,Kabir Boase,kabir.boase@example.com,admin
861,Samarth Dash,samarth.dash@example.com,support_agent
862,Pranay Handa,pranay.handa@example.com,customer
863,Alia Shetty,alia.shetty@example.com,admin
864,Shalv Dora,shalv.dora@example.com,admin
865,Pranay Sachdeva,pranay.sachdeva@example.com,team_lead
866,Rania Dalal,rania.dalal@example.com,support_agent
867,Nitya Bhargava,nitya.bhargava@example.com,customer
868,Ryan Buch,ryan.buch@example.com,admin
869,Piya Krishnamurthy,piya.krishnamurthy@example.com,manager
870,Prisha Bhargava,prisha.bhargava@example.com,customer
871,Tushar Rana,tushar.rana@example.com,team_lead
872,Madhup Bhavsar,madhup.bhavsar@example.com,support_agent
873,Indrans Karan,indrans.karan@example.com,manager
874,Zeeshan Sarna,zeeshan.sarna@example.com,customer
875,Tanya Luthra,tanya.luthra@example.com,customer
876,Tarini Dasgupta,tarini.dasgupta@example.com,admin
877,Eshani Kapoor,eshani.kapoor@example.com,customer
878,Dhanuk Manda,dhanuk.manda@example.com,support_agent
879,Biju Thakkar,biju.thakkar@example.com,support_agent
880,Kaira Loyal,kaira.loyal@example.com,customer
881,Ivan Gade,ivan.gade@example.com,admin
882,Farhan Sangha,farhan.sangha@example.com,manager
883,Saanvi Manne,saanvi.manne@example.com,manager
884,Divij Yogi,divij.yogi@example.com,admin
885,Zoya Bala,zoya.bala@example.com,team_lead
886,Hansh Kunda,hansh.kunda@example.com,support_agent
887,Amani Manda,amani.manda@example.com,team_lead
888,Jhanvi Kashyap,jhanvi.kashyap@example.com,admin
889,Samaira Apte,samaira.apte@example.com,team_lead
890,Onkar Taneja,onkar.taneja@example.com,admin
891,Shanaya Chopra,shanaya.chopra@example.com,manager
892,Azad Kakar,azad.kakar@example.com,manager
893,Rati Balay,rati.balay@example.com,team_lead
894,Darshit Keer,darshit.keer@example.com,team_lead
895,Reyansh Jayaraman,reyansh.jayaraman@example.com,support_agent
896,Tiya Bir,tiya.bir@example.com,manager
897,Umang Walla,umang.walla@example.com,support_agent
898,Alia Virk,alia.virk@example.com,team_lead
899,Uthkarsh Baria,uthkarsh.baria@example.com,admin
900,Neysa Vasa,neysa.vasa@example.com,manager
901,Fateh Chakraborty,fateh.chakraborty@example.com,admin
902,Eva Bhatt,eva.bhatt@example.com,support_agent
903,Aarav Shukla,aarav.shukla@example.com,support_agent
904,Rohan Kata,rohan.kata@example.com,customer
905,Hazel Gupta,hazel.gupta@example.com,manager
906,Nishith Karpe,nishith.karpe@example.com,manager
907,Indrans Devi,indrans.devi@example.com,support_agent
908,Samaira Singhal,samaira.singhal@example.com,admin
909,Arhaan Tailor,arhaan.tailor@example.com,manager
910,Mannat Sinha,mannat.sinha@example.com,support_agent
911,Nakul Chauhan,nakul.chauhan@example.com,customer
912,Divyansh Rajan,divyansh.rajan@example.com,team_lead
913,Alia Ram,alia.ram@example.com,manager
914,Nirvaan Shanker,nirvaan.shanker@example.com,team_lead
915,Yakshit Kanda,yakshit.kanda@example.com,admin
916,Hrishita Chopra,hrishita.chopra@example.com,customer
917,Hiran Krishnamurthy,hiran.krishnamurthy@example.com,manager
918,Mehul Tandon,mehul.tandon@example.com,team_lead
919,Kashvi Ram,kashvi.ram@example.com,team_lead
920,Nitara Lad,nitara.lad@example.com,support_agent
921,Zain Doctor,zain.doctor@example.com,team_lead
922,Biju Mallick,biju.mallick@example.com,admin
923,Mishti Sane,mishti.sane@example.com,team_lead
924,Ivana Kota,ivana.kota@example.com,admin
925,Shray Rout,shray.rout@example.com,admin
926,Vedika Lala,vedika.lala@example.com,support_agent
927,Rasha Joshi,rasha.joshi@example.com,customer
928,Indrajit Doctor,indrajit.doctor@example.com,admin
929,Kabir Shroff,kabir.shroff@example.com,team_lead
930,Nakul Vala,nakul.vala@example.com,team_lead
931,Rohan Varughese,rohan.varughese@example.com,admin
932,Zara Kata,zara.kata@example.com,team_lead
933,Jhanvi Jhaveri,jhanvi.jhaveri@example.com,manager
934,Ivana Lanka,ivana.lanka@example.com,support_agent
935,Vidur Dara,vidur.dara@example.com,team_lead
936,Lagan Gandhi,lagan.gandhi@example.com,support_agent
937,Alisha Vaidya,alisha.vaidya@example.com,admin
938,Divij Loyal,divij.loyal@example.com,admin
939,Baiju Desai,baiju.desai@example.com,admin
940,Pari Ramakrishnan,pari.ramakrishnan@example.com,support_agent
941,Devansh Chandra,devansh.chandra@example.com,team_lead
942,Anvi Chawla,anvi.chawla@example.com,manager
943,Romil Amble,romil.amble@example.com,support_agent
944,Kanav Shanker,kanav.shanker@example.com,manager
945,Siya Shroff,siya.shroff@example.com,team_lead
946,Nirvaan Sarin,nirvaan.sarin@example.com,team_lead
947,Vivaan Dar,vivaan.dar@example.com,support_agent
948,Urvi Dhaliwal,urvi.dhaliwal@example.com,customer
949,Anahita Loke,anahita.loke@example.com,manager
950,Ryan De,ryan.de@example.com,admin
951,Drishya Wadhwa,drishya.wadhwa@example.com,manager
952,Anahita Bawa,anahita.bawa@example.com,team_lead
953,Tara Tripathi,tara.tripathi@example.com,team_lead
954,Lagan Goyal,lagan.goyal@example.com,support_agent
955,Zain Bajaj,zain.bajaj@example.com,customer
956,Seher Bora,seher.bora@example.com,admin
957,Pranay Malhotra,pranay.malhotra@example.com,manager
958,Ritvik Bose,ritvik.bose@example.com,customer
959,Shalv Contractor,shalv.contractor@example.com,admin
960,Jiya Thaman,jiya.thaman@example.com,team_lead
961,Charvi Maharaj,charvi.maharaj@example.com,team_lead
962,Onkar Singh,onkar.singh@example.com,support_agent
963,Samaira Rege,samaira.rege@example.com,support_agent
964,Amira Chad,amira.chad@example.com,manager
965,Jayan Boase,jayan.boase@example.com,customer
966,Kabir Walia,kabir.walia@example.com,customer
967,Eshani Badal,eshani.badal@example.com,admin
968,Oorja Bajwa,oorja.bajwa@example.com,manager
969,Zain Biswas,zain.biswas@example.com,support_agent
970,Darshit Sathe,darshit.sathe@example.com,manager
971,Aayush Chopra,aayush.chopra@example.com,team_lead
972,Umang Balan,umang.balan@example.com,support_agent
973,Nirvi Kohli,nirvi.kohli@example.com,customer
974,Aarush Lata,aarush.lata@example.com,support_agent
975,Abram Anand,abram.anand@example.com,team_lead
976,Heer Dhar,heer.dhar@example.com,support_agent
977,Damini Talwar,damini.talwar@example.com,customer
978,Zara Chakraborty,zara.chakraborty@example.com,team_lead
979,Divit Lala,divit.lala@example.com,admin
980,Nakul Char,nakul.char@example.com,manager
981,Sumer Deol,sumer.deol@example.com,admin
982,Dhanush Grover,dhanush.grover@example.com,team_lead
983,Amira Mandal,amira.mandal@example.com,team_lead
984,Rasha Chowdhury,rasha.chowdhury@example.com,team_lead
985,Piya Thaker,piya.thaker@example.com,customer
986,Neysa Varughese,neysa.varughese@example.com,team_lead
987,Divij Jain,divij.jain@example.com,manager
988,Uthkarsh Majumdar,uthkarsh.majumdar@example.com,customer
989,Bhavin Ray,bhavin.ray@example.com,team_lead
990,Rati Chada,rati.chada@example.com,customer
991,Charvi Uppal,charvi.uppal@example.com,manager
992,Neelofar Srinivasan,neelofar.srinivasan@example.com,manager
993,Jivika Varughese,jivika.varughese@example.com,customer
994,Eva Bail,eva.bail@example.com,support_agent
995,Lakshit Yohannan,lakshit.yohannan@example.com,admin
996,Purab Bajaj,purab.bajaj@example.com,team_lead
997,Piya Dey,piya.dey@example.com,admin
998,Jayesh Varghese,jayesh.varghese@example.com,manager
999,Advik Chawla,advik.chawla@example.com,admin
1000,Suhana Tara,suhana.tara@example.com,support_agent
